Accents_AnimalJewelry,Accents, Animal Jewelry
Accents_AntiquedJewelry,Accents, Antiqued Jewelry
Accents_Appliqué,Accents, Appliqué
Accents_Beaded,Accents, Beaded
Accents_Belt,Accents, Belt
Accents_BirthstoneJewelry,Accents, Birthstone
Accents_Bit,Accents, Bit
Accents_Bows,Accents, Bows
Accents_Braid,Accents, Braid
Accents_Buckle,Accents, Buckle
Accents_Buttons,Accents, Buttons
Accents_Cameo,Accents, Cameo
Accents_Chains,Accents, Chains
Accents_CharacterJewelry,Accents, Character
Accents_Charms,Accents, Charms
Accents_CoinJewelry,Accents, Coin
Accents_ContrastStitching,Accents, Contrast Stitching
Accents_Cross&CrucifixJewelry,Accents, Cross & Crucifix
Accents_Crystals,Accents, Crystals
Accents_Cuff,Accents, Cuff
Accents_Cut-Outs,Accents, Cut-Outs
Accents_Diamond,Accents, Diamond
Accents_Embossed,Accents, Embossed
Accents_Embroidered,Accents, Embroidered
Accents_Epaulette,Accents, Epaulette
Accents_Eyelets,Accents, Eyelets
Accents_FauxPockets,Accents, Faux Pockets
Accents_Feathers,Accents, Feathers
Accents_Flowers,Accents, Flowers
Accents_Fringe,Accents, Fringe
Accents_Glitter,Accents, Glitter
Accents_GlowintheDark,Accents, Glow in the Dark
Accents_Grommets,Accents, Grommets
Accents_Harness,Accents, Harness
Accents_ItalianHorn&CornicelloJewelry,Accents, Italian Horn & Cornicello
Accents_Jewels,Accents, Jewels
Accents_Kiltie,Accents, Kiltie
Accents_Knot,Accents, Knot
Accents_Lights,Accents, Lights
Accents_Logo,Accents, Logo
Accents_MalteseCrossJewelry,Accents, Maltese Cross
Accents_Medallion,Accents, Medallion
Accents_MetalMesh,Accents, Metal Mesh
Accents_Mirrors,Accents, Mirrors
Accents_MotherofPearl,Accents, Mother of Pearl
Accents_PeaceJewelry,Accents, Peace Jewelry
Accents_Pearlized,Accents, Pearlized
Accents_PennyKeeper,Accents, Penny Keeper
Accents_Peplum,Accents, Peplum
Accents_Perforated,Accents, Perforated
Accents_Piping,Accents, Piping
Accents_Pleated,Accents, Pleated
Accents_Pockets,Accents, Pockets
Accents_PomPoms,Accents, Pom Poms
Accents_Quilted,Accents, Quilted
Accents_Rhinestones,Accents, Rhinestones
Accents_Ribbons,Accents, Ribbons
Accents_Rivets,Accents, Rivets
Accents_Ruched,Accents, Ruched
Accents_Ruffles,Accents, Ruffles
Accents_Screenprint,Accents, Screenprint
Accents_Sequins,Accents, Sequins
Accents_Shells,Accents, Shells
Accents_Skulls,Accents, Skulls
Accents_Smocked,Accents, Smocked
Accents_Stars,Accents, Stars
Accents_Stone,Accents, Stone
Accents_Studded,Accents, Studded
Accents_Tassels,Accents, Tassels
Accents_Toggle,Accents, Toggle
Accents_TooledLeather,Accents, Tooled Leather
Accents_TortoiseShell,Accents, Tortoise Shell
Accents_VampBand,Accents, Vamp Band
Accents_Veil,Accents, Veil
Accents_Zipper,Accents, Zipper
Accents_Zodiac&Astrology,Accents, Zodiac & Astrology
Closures_Adjustable,Closures, Adjustable
Closures_AnkleStrap,Closures, Ankle Strap
Closures_AnkleWrap,Closures, Ankle Wrap
Closures_Belt,Closures, Belt
Closures_BoxWithTongue,Closures, Box With Tongue
Closures_Buckle,Closures, Buckle
Closures_Bungee,Closures, Bungee
Closures_Button,Closures, Button
Closures_ButtonFly,Closures, Button Fly
Closures_ButtonLoop,Closures, Button Loop
Closures_ClaspLock,Closures, Clasp Lock
Closures_Clip-on,Closures, Clip-on
Closures_D-Ring,Closures, D-Ring
Closures_DeploymentBuckle,Closures, Deployment Buckle
Closures_Drawstring,Closures, Drawstring
Closures_Elastic,Closures, Elastic
Closures_ElasticGore,Closures, Elastic Gore
Closures_Expansion,Closures, Expansion
Closures_FishHookBuckle,Closures, Fish Hook Buckle
Closures_Foldover,Closures, Foldover
Closures_HookandBar,Closures, Hook and Bar
Closures_HookandEye,Closures, Hook and Eye
Closures_HookandLoop,Closures, Hook and Loop
Closures_HookBuckle,Closures, Hook Buckle
Closures_JewelryClasp,Closures, Jewelry Clasp
Closures_KissLock,Closures, Kiss Lock
Closures_Laceup,Closures, Lace up
Closures_LobsterClaw,Closures, Lobster Claw
Closures_Magnetic,Closures, Magnetic
Closures_MonkStrap,Closures, Monk Strap
Closures_O-ring,Closures, O-ring
Closures_Pierced,Closures, Pierced
Closures_Pull-on,Closures, Pull-on
Closures_Push-Button,Closures, Push-Button
Closures_PushLock,Closures, Push Lock
Closures_SlingBack,Closures, Sling Back
Closures_Slip-On,Closures, Slip-On
Closures_Snap,Closures, Snap
Closures_SpatStrap,Closures, Spat Strap
Closures_T-Strap,Closures, T-Strap
Closures_Tie,Closures, Tie
Closures_Toggle,Closures, Toggle
Closures_TwistLock,Closures, Twist Lock
Closures_Zipper,Closures, Zipper
CollarStyle_1/2Zip,CollarStyle, 1/2 Zip
CollarStyle_1/4Zip,CollarStyle, 1/4 Zip
CollarStyle_Ballet,CollarStyle, Ballet
CollarStyle_Banded,CollarStyle, Banded
CollarStyle_Boatneck,CollarStyle, Boatneck
CollarStyle_Buttondown,CollarStyle, Button down
CollarStyle_Cowl,CollarStyle, Cowl
CollarStyle_Crew,CollarStyle, Crew
CollarStyle_Keyhole,CollarStyle, Keyhole
CollarStyle_Mandarin,CollarStyle, Mandarin
CollarStyle_MockTurtleneck,CollarStyle, Mock Turtleneck
CollarStyle_NotchLapel,CollarStyle, Notch Lapel
CollarStyle_OffTheShoulder,CollarStyle, Off The Shoulder
CollarStyle_PeterPan,CollarStyle, Peter Pan
CollarStyle_Point,CollarStyle, Point
CollarStyle_Scoop,CollarStyle, Scoop
CollarStyle_Shawl,CollarStyle, Shawl
CollarStyle_Snap,CollarStyle, Snap
CollarStyle_Spread,CollarStyle, Spread
CollarStyle_SquareNeck,CollarStyle, Square Neck
CollarStyle_Sweetheart,CollarStyle, Sweetheart
CollarStyle_TraditionalCollar,CollarStyle, Traditional Collar
CollarStyle_Turtleneck,CollarStyle, Turtleneck
CollarStyle_V-neck,CollarStyle, V-neck
CollarStyle_Wide,CollarStyle, Wide
DenimType_AcidWash,DenimType, Acid Wash
DenimType_Coated,DenimType, Coated
DenimType_DarkWash,DenimType, Dark Wash
DenimType_Distressed,DenimType, Distressed
DenimType_EnzymeWash,DenimType, Enzyme Wash
DenimType_GarmentWash,DenimType, Garment Wash
DenimType_LightWash,DenimType, Light Wash
DenimType_MediumWash,DenimType, Medium Wash
DenimType_RawDenim,DenimType, Raw Denim
DenimType_StoneWash,DenimType, Stone Wash
DenimType_StretchDenim,DenimType, Stretch Denim
DressStyle_A-lineDresses,DressStyle, A-line Dresses
DressStyle_BabyDollDresses,DressStyle, Baby Doll Dresses
DressStyle_BustierDresses,DressStyle, Bustier Dresses
DressStyle_CoatDresses,DressStyle, Coat Dresses
DressStyle_CoverUpDresses,DressStyle, Cover Up Dresses
DressStyle_DroppedWaistDresses,DressStyle, Dropped Waist Dresses
DressStyle_EmpireDresses,DressStyle, Empire Dresses
DressStyle_Gown,DressStyle, Gown
DressStyle_HalterDresses,DressStyle, Halter Dresses
DressStyle_HighLowDresses,DressStyle, High Low Dresses
DressStyle_HighWaistDresses,DressStyle, High Waist Dresses
DressStyle_MaxiDresses,DressStyle, Maxi Dresses
DressStyle_OneShoulderDresses,DressStyle, One Shoulder Dresses
DressStyle_Other,DressStyle, Other
DressStyle_SheathDresses,DressStyle, Sheath Dresses
DressStyle_ShiftDresses,DressStyle, Shift Dresses
DressStyle_ShirtDresses,DressStyle, Shirt Dresses
DressStyle_SportDresses,DressStyle, Sport Dresses
DressStyle_StraplessDresses,DressStyle, Strapless Dresses
DressStyle_SweaterDresses,DressStyle, Sweater Dresses
DressStyle_TankDresses,DressStyle, Tank Dresses
DressStyle_TunicDresses,DressStyle, Tunic Dresses
DressStyle_WrapDresses,DressStyle, Wrap Dresses
FrameStyle_AviatorFrames,FrameStyle, Aviator Frames
FrameStyle_CatEyeFrames,FrameStyle, Cat Eye Frames
FrameStyle_Horn-rimmedFrames,FrameStyle, Horn-rimmed Frames
FrameStyle_NoveltyFrames,FrameStyle, Novelty Frames
FrameStyle_OvalFrames,FrameStyle, Oval Frames
FrameStyle_OversizedFrames,FrameStyle, Oversized Frames
FrameStyle_RectangularFrames,FrameStyle, Rectangular Frames
FrameStyle_RoundFrames,FrameStyle, Round Frames
FrameStyle_ShieldFrames,FrameStyle, Shield Frames
FrameStyle_SquareFrames,FrameStyle, Square Frames
FrameStyle_WrapFrames,FrameStyle, Wrap Frames
HatStyle_BaseballCaps,HatStyle, Baseball Caps
HatStyle_Beanies,HatStyle, Beanies
HatStyle_Berets,HatStyle, Berets
HatStyle_Bowler&DerbyHats,HatStyle, Bowler & Derby Hats
HatStyle_BucketHats,HatStyle, Bucket Hats
HatStyle_CadetHats,HatStyle, Cadet Hats
HatStyle_Cloche,HatStyle, Cloche
HatStyle_CowboyHats,HatStyle, Cowboy Hats
HatStyle_EarWarmerHeadbands,HatStyle, Ear Warmer Headbands
HatStyle_FaceMasks,HatStyle, Face Masks
HatStyle_Fedoras,HatStyle, Fedoras
HatStyle_FittedHats,HatStyle, Fitted Hats
HatStyle_NewsboyHats,HatStyle, Newsboy Hats
HatStyle_Other,HatStyle, Other
HatStyle_PanamaHats,HatStyle, Panama Hats
HatStyle_PorkpieHats,HatStyle, Porkpie Hats
HatStyle_SunHats,HatStyle, Sun Hats
HatStyle_TrapperHats,HatStyle, Trapper Hats
HatStyle_TruckerHats,HatStyle, Trucker Hats
HatStyle_Visors,HatStyle, Visors
HeelStyle_BlockHeel,HeelStyle, Block Heel
HeelStyle_Chunky,HeelStyle, Chunky
HeelStyle_Cone,HeelStyle, Cone
HeelStyle_Cuban,HeelStyle, Cuban
HeelStyle_KittenHeel,HeelStyle, Kitten Heel
HeelStyle_LouisHeel,HeelStyle, Louis Heel
HeelStyle_RockerBottom,HeelStyle, Rocker Bottom
HeelStyle_Sculpted,HeelStyle, Sculpted
HeelStyle_StackedHeel,HeelStyle, Stacked Heel
HeelStyle_Stiletto,HeelStyle, Stiletto
HeelStyle_Wedges,HeelStyle, Wedges
JacketStyle_Anoraks,JacketStyle, Anoraks
JacketStyle_Blazers,JacketStyle, Blazers
JacketStyle_Boleros,JacketStyle, Boleros
JacketStyle_BomberJackets,JacketStyle, Bomber Jackets
JacketStyle_Capes,JacketStyle, Capes
JacketStyle_CroppedJackets,JacketStyle, Cropped Jackets
JacketStyle_FieldJacket,JacketStyle, Field Jacket
JacketStyle_FleeceJackets,JacketStyle, Fleece Jackets
JacketStyle_Harrington,JacketStyle, Harrington
JacketStyle_InsulatedJackets,JacketStyle, Insulated Jackets
JacketStyle_JeanJackets,JacketStyle, Jean Jackets
JacketStyle_MotorcycleJackets,JacketStyle, Motorcycle Jackets
JacketStyle_Other,JacketStyle, Other
JacketStyle_PackableJackets,JacketStyle, Packable Jackets
JacketStyle_Parkas,JacketStyle, Parkas
JacketStyle_PeaCoats,JacketStyle, Pea Coats
JacketStyle_Ponchos,JacketStyle, Ponchos
JacketStyle_RainCoats,JacketStyle, Rain Coats
JacketStyle_Shells&Windbreakers,JacketStyle, Shells & Windbreakers
JacketStyle_TrackJackets,JacketStyle, Track Jackets
JacketStyle_TrenchCoats,JacketStyle, Trench Coats
JacketStyle_Vests,JacketStyle, Vests
JacketStyle_WaterproofJackets,JacketStyle, Waterproof Jackets
JacketStyle_Wraps,JacketStyle, Wraps
JeansFit_BootCut,JeansFit, Boot Cut
JeansFit_BoyfriendFit,JeansFit, Boyfriend Fit
JeansFit_Fitted,JeansFit, Fitted
JeansFit_Flared,JeansFit, Flared
JeansFit_LooseFit,JeansFit, Loose Fit
JeansFit_Other,JeansFit, Other
JeansFit_RegularFit,JeansFit, Regular Fit
JeansFit_RelaxedFit,JeansFit, Relaxed Fit
JeansFit_SkinnyFit,JeansFit, Skinny Fit
JeansFit_SlimFit,JeansFit, Slim Fit
JeansFit_StraightLeg,JeansFit, Straight Leg
JeansFit_TrouserFit,JeansFit, Trouser Fit
JeansFit_WideLeg,JeansFit, Wide Leg
Materials_14KGold,Materials, 14K Gold
Materials_18KGold,Materials, 18K Gold
Materials_Acetate,Materials, Acetate
Materials_Acrylic,Materials, Acrylic
Materials_Alligator,Materials, Alligator
Materials_Alpaca,Materials, Alpaca
Materials_Aluminum,Materials, Aluminum
Materials_Angora,Materials, Angora
Materials_AnodizedAluminum,Materials, Anodized Aluminum
Materials_APXLenses,Materials, APX Lenses
Materials_Bamboo,Materials, Bamboo
Materials_BoneChina,Materials, Bone China
Materials_Brass,Materials, Brass
Materials_Bronze,Materials, Bronze
Materials_Burlap,Materials, Burlap
Materials_CableKnit,Materials, Cable Knit
Materials_Canvas,Materials, Canvas
Materials_CarbonFiber,Materials, Carbon Fiber
Materials_Cashmere,Materials, Cashmere
Materials_CastIron,Materials, Cast Iron
Materials_CastSteel,Materials, Cast Steel
Materials_Ceramic,Materials, Ceramic
Materials_Chain,Materials, Chain
Materials_Chambray,Materials, Chambray
Materials_Chamois,Materials, Chamois
Materials_Chenille,Materials, Chenille
Materials_Chiffon,Materials, Chiffon
Materials_Chino,Materials, Chino
Materials_Chrome,Materials, Chrome
Materials_Clay,Materials, Clay
Materials_Copper,Materials, Copper
Materials_Cordura,Materials, Cordura
Materials_Corduroy,Materials, Corduroy
Materials_Cork,Materials, Cork
Materials_Cotton,Materials, Cotton
Materials_CottonPolyblend,Materials, Cotton Polyblend
Materials_CR39Lenses,Materials, CR 39 Lenses
Materials_Crochet,Materials, Crochet
Materials_Crocodile,Materials, Crocodile
Materials_Crystal,Materials, Crystal
Materials_CubicZirconium,Materials, Cubic Zirconium
Materials_Deerskin,Materials, Deerskin
Materials_Denim,Materials, Denim
Materials_Diamond,Materials, Diamond
Materials_DistressedLeather,Materials, Distressed Leather
Materials_Down,Materials, Down
Materials_Elastane,Materials, Elastane
Materials_Elastic,Materials, Elastic
Materials_Enameled,Materials, Enameled
Materials_EVA,Materials, EVA
Materials_Exotic,Materials, Exotic
Materials_FauxFur,Materials, Faux Fur
Materials_FauxLeather,Materials, Faux Leather
Materials_FauxSuede,Materials, Faux Suede
Materials_Felt,Materials, Felt
Materials_Fiberglass,Materials, Fiberglass
Materials_Flannel,Materials, Flannel
Materials_Flax,Materials, Flax
Materials_Fleece,Materials, Fleece
Materials_FlexibleFrames,Materials, Flexible Frames
Materials_Full-grainleather,Materials, Full-grain leather
Materials_Glass,Materials, Glass
Materials_GlassLenses,Materials, Glass Lenses
Materials_Gold-Plated,Materials, Gold-Plated
Materials_Gold,Materials, Gold
Materials_GoldTone,Materials, Gold Tone
Materials_GrilamidFrames,Materials, Grilamid Frames
Materials_GunmetalTone,Materials, Gunmetal Tone
Materials_HairCalf,Materials, Hair Calf
Materials_Hemp,Materials, Hemp
Materials_HorseHair,Materials, Horse Hair
Materials_Jacquard,Materials, Jacquard
Materials_Jersey,Materials, Jersey
Materials_Jute,Materials, Jute
Materials_Lace,Materials, Lace
Materials_Lambskin,Materials, Lambskin
Materials_Latex,Materials, Latex
Materials_LeadCrystal,Materials, Lead Crystal
Materials_Leather,Materials, Leather
Materials_Linen,Materials, Linen
Materials_Lizard,Materials, Lizard
Materials_Lucite,Materials, Lucite
Materials_Lycra,Materials, Lycra
Materials_Lyocell,Materials, Lyocell
Materials_Macrame,Materials, Macrame
Materials_Marcasite,Materials, Marcasite
Materials_Merino,Materials, Merino
Materials_Mesh,Materials, Mesh
Materials_MetalFrames,Materials, Metal Frames
Materials_MetalMesh,Materials, Metal Mesh
Materials_Microfiber,Materials, Microfiber
Materials_Modal,Materials, Modal
Materials_Nappa,Materials, Nappa
Materials_Neoprene,Materials, Neoprene
Materials_Nickel-Plated,Materials, Nickel-Plated
Materials_Nubuck,Materials, Nubuck
Materials_Nylon,Materials, Nylon
Materials_Olefin,Materials, Olefin
Materials_Ostrich,Materials, Ostrich
Materials_PatentLeather,Materials, Patent Leather
Materials_Pearl,Materials, Pearl
Materials_Pique,Materials, Pique
Materials_Plastic,Materials, Plastic
Materials_Polyamide,Materials, Polyamide
Materials_Polycarbonate,Materials, Polycarbonate
Materials_Polyester,Materials, Polyester
Materials_Polyethylene,Materials, Polyethylene
Materials_Polypropylene,Materials, Polypropylene
Materials_Polyurethane,Materials, Polyurethane
Materials_Porcelain,Materials, Porcelain
Materials_PorcelainEnamel,Materials, Porcelain Enamel
Materials_Precious,Materials, Precious
Materials_Raffia,Materials, Raffia
Materials_Ramie,Materials, Ramie
Materials_Rayon,Materials, Rayon
Materials_Resin,Materials, Resin
Materials_Rhinestone,Materials, Rhinestone
Materials_Ripstop,Materials, Ripstop
Materials_RoseGoldTone,Materials, Rose Gold Tone
Materials_Rubber,Materials, Rubber
Materials_RubberFrames,Materials, Rubber Frames
Materials_Satin,Materials, Satin
Materials_Seersucker,Materials, Seersucker
Materials_Semi-Precious,Materials, Semi-Precious
Materials_Shearling,Materials, Shearling
Materials_Sheepskin,Materials, Sheepskin
Materials_Sheer,Materials, Sheer
Materials_Silicone,Materials, Silicone
Materials_Silk,Materials, Silk
Materials_Silverplate,Materials, Silverplate
Materials_SilverTone,Materials, Silver Tone
Materials_Snakeskin,Materials, Snakeskin
Materials_Spandex,Materials, Spandex
Materials_StainlessSteel,Materials, Stainless Steel
Materials_Steel,Materials, Steel
Materials_SterlingSilver,Materials, Sterling Silver
Materials_Stingray,Materials, Stingray
Materials_Stoneware,Materials, Stoneware
Materials_Straw,Materials, Straw
Materials_Suede,Materials, Suede
Materials_Synthetic,Materials, Synthetic
Materials_Taffeta,Materials, Taffeta
Materials_TemperedGlass,Materials, Tempered Glass
Materials_Terry,Materials, Terry
Materials_Tin,Materials, Tin
Materials_Titanium,Materials, Titanium
Materials_Tricot,Materials, Tricot
Materials_Tweed,Materials, Tweed
Materials_Twill,Materials, Twill
Materials_Velour,Materials, Velour
Materials_Velvet,Materials, Velvet
Materials_Vermeil,Materials, Vermeil
Materials_Vinyl,Materials, Vinyl
Materials_Viscose,Materials, Viscose
Materials_WireFrames,Materials, Wire Frames
Materials_Wood,Materials, Wood
Materials_Wool,Materials, Wool
Occasion_ActionSports,Occasion, Action Sports
Occasion_Athletic,Occasion, Athletic
Occasion_Casual,Occasion, Casual
Occasion_Dress,Occasion, Dress
Occasion_Evening&Cocktail,Occasion, Evening & Cocktail
Occasion_LittleBlackDress,Occasion, Little Black Dress
Occasion_Nightclub,Occasion, Nightclub
Occasion_Office&Career,Occasion, Office & Career
Occasion_Outdoor,Occasion, Outdoor
Occasion_Prom&Homecoming,Occasion, Prom & Homecoming
Occasion_Wedding,Occasion, Wedding
Occasion_Work&Duty,Occasion, Work & Duty
PantStyle_BaseLayer,PantStyle, Base Layer
PantStyle_CapriPants,PantStyle, Capri Pants
PantStyle_CargoPants,PantStyle, Cargo Pants
PantStyle_Chinos,PantStyle, Chinos
PantStyle_CompressionPants,PantStyle, Compression Pants
PantStyle_ConvertiblePants,PantStyle, Convertible Pants
PantStyle_FlatFrontPants,PantStyle, Flat Front Pants
PantStyle_Gaucho,PantStyle, Gaucho
PantStyle_Leggings,PantStyle, Leggings
PantStyle_LoungePants,PantStyle, Lounge Pants
PantStyle_Other,PantStyle, Other
PantStyle_Overalls,PantStyle, Overalls
PantStyle_PleatedFrontPants,PantStyle, Pleated Front Pants
PantStyle_RainPants,PantStyle, Rain Pants
PantStyle_SchoolUniform,PantStyle, School Uniform
PantStyle_Scrubs,PantStyle, Scrubs
PantStyle_SnowPants,PantStyle, Snow Pants
PantStyle_Sweatpants,PantStyle, Sweatpants
PantStyle_TrackPants,PantStyle, Track Pants
PantStyle_Trousers,PantStyle, Trousers
PantStyle_WorkoutPants,PantStyle, Workout Pants
Pattern_Abstract,Pattern, Abstract
Pattern_AnimalPrint,Pattern, Animal Print
Pattern_Argyle,Pattern, Argyle
Pattern_Artwork,Pattern, Artwork
Pattern_Asian,Pattern, Asian
Pattern_BasketWeave,Pattern, Basket Weave
Pattern_Boucle,Pattern, Boucle
Pattern_Brocade,Pattern, Brocade
Pattern_Burnished,Pattern, Burnished
Pattern_Camo,Pattern, Camo
Pattern_Checkered,Pattern, Checkered
Pattern_CheetahPrint,Pattern, Cheetah Print
Pattern_Chevron,Pattern, Chevron
Pattern_Chrome,Pattern, Chrome
Pattern_CrinkledLeather,Pattern, Crinkled Leather
Pattern_Crochet,Pattern, Crochet
Pattern_Crocodile,Pattern, Crocodile
Pattern_Damask,Pattern, Damask
Pattern_Dip-Dyed,Pattern, Dip-Dyed
Pattern_Distressed,Pattern, Distressed
Pattern_Embroidered,Pattern, Embroidered
Pattern_Exotics,Pattern, Exotics
Pattern_Flames,Pattern, Flames
Pattern_FloralPrint,Pattern, Floral Print
Pattern_Geometric,Pattern, Geometric
Pattern_Gingham,Pattern, Gingham
Pattern_GiraffePrint,Pattern, Giraffe Print
Pattern_Glitter,Pattern, Glitter
Pattern_GraphicPrint,Pattern, Graphic Print
Pattern_Heart,Pattern, Heart
Pattern_Herringbone,Pattern, Herringbone
Pattern_HorizontalStripes,Pattern, Horizontal Stripes
Pattern_Houndstooth,Pattern, Houndstooth
Pattern_Jacquard,Pattern, Jacquard
Pattern_Lace,Pattern, Lace
Pattern_LeopardPrint,Pattern, Leopard Print
Pattern_Logo,Pattern, Logo
Pattern_Metallic,Pattern, Metallic
Pattern_OiledLeather,Pattern, Oiled Leather
Pattern_Paisley,Pattern, Paisley
Pattern_Patchwork,Pattern, Patchwork
Pattern_Pearlized,Pattern, Pearlized
Pattern_PebbledLeather,Pattern, Pebbled Leather
Pattern_PinStripes,Pattern, Pin Stripes
Pattern_Plaid,Pattern, Plaid
Pattern_PolkaDot,Pattern, Polka Dot
Pattern_Quilted,Pattern, Quilted
Pattern_Reptile,Pattern, Reptile
Pattern_Sateen,Pattern, Sateen
Pattern_Screenprint,Pattern, Screenprint
Pattern_Script,Pattern, Script
Pattern_Seersucker,Pattern, Seersucker
Pattern_Skull,Pattern, Skull
Pattern_SnakePrint,Pattern, Snake Print
Pattern_Stripes,Pattern, Stripes
Pattern_TattooPrint,Pattern, Tattoo Print
Pattern_Tie-Dye,Pattern, Tie-Dye
Pattern_TooledLeather,Pattern, Tooled Leather
Pattern_Tortoise,Pattern, Tortoise
Pattern_Tribal,Pattern, Tribal
Pattern_Tropical,Pattern, Tropical
Pattern_VerticalStripes,Pattern, Vertical Stripes
Pattern_Woven,Pattern, Woven
Pattern_ZebraPrint,Pattern, Zebra Print
Rise_HighRise,Rise, High Rise
Rise_LowRise,Rise, Low Rise
Rise_MidRise,Rise, Mid Rise
Rise_RegularRise,Rise, Regular Rise
Rise_UltraLowRise,Rise, Ultra Low Rise
ShoeStyle_Athletic,ShoeStyle, Athletic
ShoeStyle_AviatorFrames,ShoeStyle, Aviator Frames
ShoeStyle_Ballerina,ShoeStyle, Ballerina
ShoeStyle_BoardBags,ShoeStyle, Board Bags
ShoeStyle_Bootie,ShoeStyle, Bootie
ShoeStyle_CameraBags,ShoeStyle, Camera Bags
ShoeStyle_CatEyeFrames,ShoeStyle, Cat Eye Frames
ShoeStyle_Chelsea,ShoeStyle, Chelsea
ShoeStyle_Chukka,ShoeStyle, Chukka
ShoeStyle_Cleats,ShoeStyle, Cleats
ShoeStyle_Combat,ShoeStyle, Combat
ShoeStyle_Comfort,ShoeStyle, Comfort
ShoeStyle_CowboyBoots,ShoeStyle, Cowboy Boots
ShoeStyle_Creepers,ShoeStyle, Creepers
ShoeStyle_CribShoe,ShoeStyle, Crib Shoe
ShoeStyle_D'Orsay,ShoeStyle, D'Orsay
ShoeStyle_DayPack(32Landunder),ShoeStyle, Day Pack (32L and under)
ShoeStyle_Engineer,ShoeStyle, Engineer
ShoeStyle_Espadrille,ShoeStyle, Espadrille
ShoeStyle_Euro,ShoeStyle, Euro
ShoeStyle_EverydayPack,ShoeStyle, Everyday Pack
ShoeStyle_ExpeditionPack(70Landabove),ShoeStyle, Expedition Pack (70L and above)
ShoeStyle_FirstWalker,ShoeStyle, First Walker
ShoeStyle_Fisherman,ShoeStyle, Fisherman
ShoeStyle_FlipFlops,ShoeStyle, Flip Flops
ShoeStyle_Gaiter,ShoeStyle, Gaiter
ShoeStyle_Gladiator,ShoeStyle, Gladiator
ShoeStyle_HighTops,ShoeStyle, High Tops
ShoeStyle_Horn-rimmedFrames,ShoeStyle, Horn-rimmed Frames
ShoeStyle_Huarache,ShoeStyle, Huarache
ShoeStyle_Infinity,ShoeStyle, Infinity
ShoeStyle_Jelly,ShoeStyle, Jelly
ShoeStyle_Logger&Packer,ShoeStyle, Logger & Packer
ShoeStyle_MaryJane,ShoeStyle, Mary Jane
ShoeStyle_Minaudiere,ShoeStyle, Minaudiere
ShoeStyle_Moccasin,ShoeStyle, Moccasin
ShoeStyle_MonkStrap,ShoeStyle, Monk Strap
ShoeStyle_Multi-DayPacks(33-69L),ShoeStyle, Multi-Day Packs (33-69L)
ShoeStyle_Novelty,ShoeStyle, Novelty
ShoeStyle_Oblong,ShoeStyle, Oblong
ShoeStyle_Other,ShoeStyle, Other
ShoeStyle_OvalFrames,ShoeStyle, Oval Frames
ShoeStyle_OvernightBag,ShoeStyle, Overnight Bag
ShoeStyle_OversizedFrames,ShoeStyle, Oversized Frames
ShoeStyle_Pareo,ShoeStyle, Pareo
ShoeStyle_PeepToe,ShoeStyle, Peep Toe
ShoeStyle_Platform,ShoeStyle, Platform
ShoeStyle_PreWalker,ShoeStyle, Pre Walker
ShoeStyle_Pumps,ShoeStyle, Pumps
ShoeStyle_RainBoot,ShoeStyle, Rain Boot
ShoeStyle_RectangularFrames,ShoeStyle, Rectangular Frames
ShoeStyle_RidingBoots,ShoeStyle, Riding Boots
ShoeStyle_RimlessFrames,ShoeStyle, Rimless Frames
ShoeStyle_RoundFrames,ShoeStyle, Round Frames
ShoeStyle_SaddleShoe,ShoeStyle, Saddle Shoe
ShoeStyle_SchoolBag,ShoeStyle, School Bag
ShoeStyle_Scuff,ShoeStyle, Scuff
ShoeStyle_SemiRimlessFrames,ShoeStyle, Semi Rimless Frames
ShoeStyle_Shawl,ShoeStyle, Shawl
ShoeStyle_Shearling,ShoeStyle, Shearling
ShoeStyle_ShieldFrames,ShoeStyle, Shield Frames
ShoeStyle_Slide,ShoeStyle, Slide
ShoeStyle_Sling,ShoeStyle, Sling
ShoeStyle_SlingBack,ShoeStyle, Sling Back
ShoeStyle_Slouch,ShoeStyle, Slouch
ShoeStyle_SnowBoots,ShoeStyle, Snow Boots
ShoeStyle_Spectator,ShoeStyle, Spectator
ShoeStyle_Square,ShoeStyle, Square
ShoeStyle_SquareFrames,ShoeStyle, Square Frames
ShoeStyle_Statement,ShoeStyle, Statement
ShoeStyle_T-Strap,ShoeStyle, T-Strap
ShoeStyle_Thong,ShoeStyle, Thong
ShoeStyle_ToeRing,ShoeStyle, Toe Ring
ShoeStyle_ToiletryBags,ShoeStyle, Toiletry Bags
ShoeStyle_Wedges,ShoeStyle, Wedges
ShoeStyle_Weekender,ShoeStyle, Weekender
ShoeStyle_Wellington,ShoeStyle, Wellington
ShoeStyle_Wrap,ShoeStyle, Wrap
ShoeStyle_WrapFrames,ShoeStyle, Wrap Frames
ShoeStyle_Wristlets,ShoeStyle, Wristlets
ShortStyle_Basic,ShortStyle, Basic
ShortStyle_Bermuda,ShortStyle, Bermuda
ShortStyle_BikeShorts,ShortStyle, Bike Shorts
ShortStyle_BoardShorts,ShortStyle, Board Shorts
ShortStyle_CargoShorts,ShortStyle, Cargo Shorts
ShortStyle_Compression,ShortStyle, Compression
ShortStyle_FlatFront,ShortStyle, Flat Front
ShortStyle_JeanShorts,ShortStyle, Jean Shorts
ShortStyle_Other,ShortStyle, Other
ShortStyle_Pleated,ShortStyle, Pleated
ShortStyle_RunningShorts,ShortStyle, Running Shorts
ShortStyle_Skorts,ShortStyle, Skorts
ShortStyle_WalkingShorts,ShortStyle, Walking Shorts
ShortStyle_Workout,ShortStyle, Workout
SkirtLength_Asymmetrical,SkirtLength, Asymmetrical
SkirtLength_KneeLength,SkirtLength, Knee Length
SkirtLength_Long,SkirtLength, Long
SkirtLength_Short,SkirtLength, Short
SkirtLength_TeaLength,SkirtLength, Tea Length
SkirtStyle_A-line,SkirtStyle, A-line
SkirtStyle_Bubble,SkirtStyle, Bubble
SkirtStyle_Flared,SkirtStyle, Flared
SkirtStyle_Gored,SkirtStyle, Gored
SkirtStyle_HighLow,SkirtStyle, High Low
SkirtStyle_Maxi,SkirtStyle, Maxi
SkirtStyle_Mini,SkirtStyle, Mini
SkirtStyle_Other,SkirtStyle, Other
SkirtStyle_Peasant,SkirtStyle, Peasant
SkirtStyle_Pencil,SkirtStyle, Pencil
SkirtStyle_Pleated,SkirtStyle, Pleated
SkirtStyle_Running,SkirtStyle, Running
SkirtStyle_Scooter,SkirtStyle, Scooter
SkirtStyle_Skort,SkirtStyle, Skort
SkirtStyle_Wrap,SkirtStyle, Wrap
SleeveLength_3/4Sleeve,SleeveLength, 3/4 Sleeevs
SleeveLength_LongSleeves,SleeveLength, Long Sleeves
SleeveLength_ShortSleeves,SleeveLength, Short Sleeves
SleeveLength_Sleeveless,SleeveLength, Sleeveless
StraporHandleStyle_Adjustable,StraporHandleStyle, Adjustable
StraporHandleStyle_Chain,StraporHandleStyle, Chain
StraporHandleStyle_Convertible,StraporHandleStyle, Convertible
StraporHandleStyle_CrossBody,StraporHandleStyle, Cross Body
StraporHandleStyle_Detachable,StraporHandleStyle, Detachable
StraporHandleStyle_DoubleHandle,StraporHandleStyle, Double Handle
StraporHandleStyle_Padded,StraporHandleStyle, Padded
StraporHandleStyle_Ring,StraporHandleStyle, Ring
StraporHandleStyle_SingleStrap,StraporHandleStyle, Single Strap
StraporHandleStyle_Stroller,StraporHandleStyle, Stroller
StraporHandleStyle_Telescoping,StraporHandleStyle, Telescoping
StraporHandleStyle_Waist,StraporHandleStyle, Waist
SwimsuitStyle_Asymmetrical,SwimsuitStyle, Asymmetrical
SwimsuitStyle_Bandeau,SwimsuitStyle, Bandeau
SwimsuitStyle_Bikini,SwimsuitStyle, Bikini
SwimsuitStyle_BoardShorts,SwimsuitStyle, Board Shorts
SwimsuitStyle_BoyShorts,SwimsuitStyle, Boy Shorts
SwimsuitStyle_Brief,SwimsuitStyle, Brief
SwimsuitStyle_Competition,SwimsuitStyle, Competition
SwimsuitStyle_Crossback,SwimsuitStyle, Crossback
SwimsuitStyle_Fitness,SwimsuitStyle, Fitness
SwimsuitStyle_Halter,SwimsuitStyle, Halter
SwimsuitStyle_Monokini,SwimsuitStyle, Monokini
SwimsuitStyle_Other,SwimsuitStyle, Other
SwimsuitStyle_Racerback,SwimsuitStyle, Racerback
SwimsuitStyle_Racesuits,SwimsuitStyle, Racesuits
SwimsuitStyle_Rashguard,SwimsuitStyle, Rashguard
SwimsuitStyle_Skirts,SwimsuitStyle, Skirts
SwimsuitStyle_SwimDresses,SwimsuitStyle, Swim Dresses
SwimsuitStyle_Tank,SwimsuitStyle, Tank
SwimsuitStyle_Tankini,SwimsuitStyle, Tankini
SwimsuitStyle_Trunks,SwimsuitStyle, Trunks
TopStyle_BabyDoll,TopStyle, Baby Doll
TopStyle_Bandeau,TopStyle, Bandeau
TopStyle_BaseLayer,TopStyle, Base Layer
TopStyle_Basic,TopStyle, Basic
TopStyle_Bodysuits,TopStyle, Bodysuits
TopStyle_Camisoles,TopStyle, Camisoles
TopStyle_Cardigans,TopStyle, Cardigans
TopStyle_Compression,TopStyle, Compression
TopStyle_DolmanSleeve,TopStyle, Dolman Sleeve
TopStyle_Halter,TopStyle, Halter
TopStyle_Henley,TopStyle, Henley
TopStyle_Jersey,TopStyle, Jersey
TopStyle_OneShoulder,TopStyle, One Shoulder
TopStyle_Other,TopStyle, Other
TopStyle_Polos,TopStyle, Polos
TopStyle_Pullover,TopStyle, Pullover
TopStyle_Scrubs,TopStyle, Scrubs
TopStyle_Shrug,TopStyle, Shrug
TopStyle_Tanktops,TopStyle, Tanktops
TopStyle_TubeTops,TopStyle, Tube Tops
TopStyle_Tunics,TopStyle, Tunics
TopStyle_Turtlenecks,TopStyle, Turtlenecks
TopStyle_Vests,TopStyle, Vests
TopStyle_Workout,TopStyle, Workout
TopStyle_Wraps,TopStyle, Wraps
